<?xml version="1.0" encoding="UTF-8"?>
<beans xmlns="http://www.springframework.org/schema/beans"
	xmlns:xsi="http://www.w3.org/2001/XMLSchema-instance"
	xmlns:tx="http://www.springframework.org/schema/tx"
	xsi:schemaLocation="http://www.springframework.org/schema/beans http://www.springframework.org/schema/beans/spring-beans.xsd
		http://www.springframework.org/schema/tx http://www.springframework.org/schema/tx/spring-tx-4.3.xsd">
	
	<!-- Connection Pool(DataSource) 설정 -->
	<bean name="dataSource" 
		class="com.mchange.v2.c3p0.ComboPooledDataSource">
		<property name="driverClass" value="oracle.jdbc.OracleDriver"/>
		<property name="jdbcUrl" value="jdbc:oracle:thin:@106.253.56.122:1521:orcl"/>
		<property name="user" value="iot1_drone"/>
		<property name="password" value="iot1_drone"/>
		<property name="maxPoolSize" value="1"/>
		<property name="initialPoolSize" value="1"/>
		<property name="acquireIncrement" value="1"/>
		<property name="minPoolSize" value="1"/>
	</bean>

	<!-- JdbcTemplate 설정 -->
	<bean name="jdbcTemplate"
			  class="org.springframework.jdbc.core.JdbcTemplate">
		<property name="dataSource"  ref="dataSource"/>		  
	</bean>
	
	<!-- MyBatis 설정 -->
	<bean name="sqlSessionFactory"
			class="org.mybatis.spring.SqlSessionFactoryBean">
		<property name="dataSource" ref="dataSource"/>
		<property name="mapperLocations" value="/WEB-INF/mybatis/*.xml"/>
	</bean>
	<bean name="sqlSessionTemplate"
			class="org.mybatis.spring.SqlSessionTemplate">
		<constructor-arg ref="sqlSessionFactory"/>
	</bean>
	
	<!-- Transaction 설정 -->
	<bean id="transactionManager"
			class="org.springframework.jdbc.datasource.DataSourceTransactionManager">
		<property name="dataSource" ref="dataSource"/>
	</bean>
	<tx:annotation-driven/>
		
</beans>
