<?xml version="1.0" encoding="UTF-8"?>
<!DOCTYPE mapper
	PUBLIC "-//mybatis.org/DTD Mapper 3.0//EN"
	"http://mybatis.org/dtd/mybatis-3-mapper.dtd">

<mapper namespace="drone">
	

	<select id= "selectAll" resultType="com.mycompany.myapp.dto.Drone" parameterType="string">
		select dname, member_mid, dmacaddr, doriginalfilename, dsavedfilename, dtype, dfilecontent from drone where member_mid=#{mid}	

	</select>
	
	<select id= "selectDrone" resultType="com.mycompany.myapp.dto.Drone" parameterType="string">
		select dname, member_mid, dmacaddr, nvl(doriginalfilename,'none1.jpg') doriginalfilename, nvl(dsavedfilename,'none1.jpg') dsavedfilename, dtype, nvl(dfilecontent,'img/jpeg') dfilecontent from drone where member_mid=#{mid} and dtype=1	

	</select>
	
	<select id= "selectRover" resultType="com.mycompany.myapp.dto.Drone" parameterType="string">
		select dname, member_mid, dmacaddr, nvl(doriginalfilename,'none2.jpg') doriginalfilename, nvl(dsavedfilename,'none2.jpg') dsavedfilename, dtype, nvl(dfilecontent,'img/jpeg') dfilecontent from drone where member_mid=#{mid} and dtype=2	

	</select>
	
	<select id= "selectPlane" resultType="com.mycompany.myapp.dto.Drone" parameterType="string">
		select dname, member_mid, dmacaddr, nvl(doriginalfilename,'none3.jpg') doriginalfilename, nvl(dsavedfilename,'none3.jpg') dsavedfilename, dtype, nvl(dfilecontent,'img/jpeg') dfilecontent from drone where member_mid=#{mid} and dtype=3

	</select>
	
	
</mapper>