<?xml version="1.0" encoding="UTF-8"?>
<!DOCTYPE mapper
	PUBLIC "-//mybatis.org/DTD Mapper 3.0//EN"
	"http://mybatis.org/dtd/mybatis-3-mapper.dtd">

<mapper namespace="member">
	
	<insert id="insert" parameterType="com.mycompany.myapp.dto.Member" useGeneratedKeys="true" keyColumn="mid" keyProperty="mid">
		insert into member(mid,mname,mpassword,moriginalfilename,msavedfilename,mfiletype) 
		values (#{mid},#{mname},#{mpassword},#{moriginalfilename},#{msavedfilename},#{mfiletype})
	</insert>
	
	
	<select id= "selectByMid" resultType="com.mycompany.myapp.dto.Member" parameterType="string">
		select mid, mname, mpassword, moriginalfilename, msavedfilename, mfiletype from member where mid=#{mid}	

	</select>
	
	
	<update id="update" parameterType="com.mycompany.myapp.dto.Member">
 		<if test="moriginalfilename!=null">
 			update member set mname=#{mname}, mpassword=#{mpassword}, moriginalfilename=#{moriginalfilename}, msavedfilename=#{msavedfilename}, mfiletype=#{mfiletype}  where mid=#{mid}
 		</if>
 		<if test="moriginalfilename==null">
 			update member set mname=#{mname}, mpassword=#{mpassword} where mid=#{mid}
 		</if>
 	
 	</update>
	
</mapper>